r5_name,r5_sequence
r5001,ATTAGA
r5002,ACGAGT
r5003,TGACGT
r5004,GTCGTT
r5005,CGCTAA
r5006,GTCTGT
r5007,CCTACG
r5008,GAGCTC
r5009,GGTATT
r5010,GTGTGA
r5011,TACCAG
r5012,CCTATC
r5013,TCGACA
r5014,ACCCGT
r5015,ATGCTG
r5016,TGTCAA
r5017,CTTGAA
r5018,CAGGAC
r5019,TCAGTG
r5020,CCTGTA
r5021,AAAGGT
r5022,GAACGG
r5023,CAAACA
r5024,AGCCAC
r5025,TTGTAC
r5026,ACTTTG
r5027,TCATGC
r5028,CTAATG
r5029,AAGGAG
r5030,TCGGGT
r5031,GTGGCA
r5032,TTGGTA
r5033,ACCTCG
r5034,TGGTGG
r5035,TGATTA
r5036,TGGACT
r5037,GCTGAG
r5038,AGTCCA
r5039,GGTTTG
r5040,CGGAGT
r5041,CACGGT
r5042,CGTTCT
r5043,GTCAAT
r5044,GGATAC
r5045,TTTCCG
r5046,ACACAA
r5047,ATGTGC
r5048,AATGAC
r5049,TATAGG
r5050,CAGCGT
r5051,ACAATC
r5052,CTACAT
r5053,ACAGCG
r5054,AAGTCT
r5055,TGCCCA
r5056,TCTAGT
r5057,TCCCAT
r5058,CGTCGC
r5059,CTACCC
r5060,TTCACC
r5061,AAGATG
r5062,GATTAT
r5063,ACCATA
r5064,TAAGTC
r5065,GAATCA
r5066,TCGCTA
r5067,GGAGTT
r5068,CACTTC
r5069,GTACTC
r5070,ATTGCG
r5071,CTCCAG
r5072,AACCCA
r5073,CTAGGA
r5074,GCATGA
r5075,AGGGAA
r5076,CTTTAC
r5077,AGTTGT
r5078,ATGCCT
r5079,GACACA
r5080,TATGCT
r5081,GCGTCT
r5082,AGCAAG
r5083,GGCAGA
r5084,CGACTA
r5085,CAGCAA
r5086,GTTGTC
r5087,GGGAAT
r5088,GCTTAA
r5089,GAGGCG
r5090,GATAAG
r5091,TTAGCG
r5092,GGACCT
r5093,CACCTT
r5094,TACAAC
r5095,TTCTCT
r5096,CCAAAT
r5097,ATCACG
r5098,CGATGT
r5099,CAGATC
r5100,ACTTGA
r5101,TAGCTT
r5102,AAGACA
r5103,CTTCCT
r5104,CTCATC
r5105,ATTCGC
r5106,TACTGC
r5107,TCGTGA
r5108,TACGCG
r5109,ACGAAC
r5110,CACCAC
r5111,GAATTG
r5112,CGCAAC
r5113,AACTGA
r5114,ATCGGG
r5115,GCTACA
r5116,CCAGAG
r5117,AGTGCC
r5118,GCATCC
r5119,CTCTCC
r5120,ACGTTA
r5121,CTGTGT
r5122,GTGCGG
r5123,TATCGC
r5124,ACGTCC
r5125,TCAGAC
r5126,TCCTTC
r5127,GATAGA
r5128,ACAGAT
r5129,CTCTAT
r5130,TTTAGC
r5131,CCTGGT
r5132,TTCCTT
r5133,GACGTG
r5134,GTTATG
r5135,ATATGG
r5136,GTCGCC
r5137,TGGCGA
r5138,CGTGTT
r5139,CCAAGC
r5140,GAGACC
r5141,TGCGGT
r5142,ATCAGC
r5143,AGCACT
r5144,TCCCTG
r5145,CGCATG
r5146,TAGGCA
r5147,GTATAG
r5148,ACTCGG
r5149,GCAGGT
r5150,GTCCTG
r5151,GAAGCC
r5152,AAGCAC
r5153,CTTCGA
r5154,CAGTCA
r5155,TGTATC
r5156,TAAGGA
r5157,AAATCG
r5158,CCGTAA
r5159,TTCCAA
r5160,CTCGAC
r5161,CATGCC
r5162,AGAAAC
r5163,ATTGGT
r5164,GCCGTA
r5165,CAACAG
r5166,ACTCTC
r5167,CGGGTA
r5168,TACGAA
r5169,AAGCTA
r5170,CAGTGC
r5171,CATAGT
r5172,AAGTTC
r5173,CTCAAA
r5174,GGTCTA
r5175,CTTAGG
r5176,TCTGGA
r5177,TCACCT
r5178,GATGGG
r5179,GTGCAA
r5180,CTCACT
r5181,GAGAAA
r5182,TAGAGC
r5183,ACATAG
r5184,AACGCT
r5185,AGTCTT
r5186,TAGCCG
r5187,CGTATA
r5188,CGGTTC
r5189,GCGTAC
r5190,GTTCCA
r5191,TCTGTT
r5192,GTGCTT
r5193,TAGAAG
r5194,GGCGAT
r5195,AGAGCT
r5196,ACCGTC
r5197,CTGTCG
r5198,ACATGT
r5199,TCGTAT
r5200,TAGGAT
r5201,GTTTCC
r5202,GTTGCT
r5203,CACTAG
r5204,AAGCGG
r5205,ATAGAG
r5206,AGATCC
r5207,CAGGTG
r5208,TTCATG
r5209,TCCACG
r5210,CTGGAT
r5211,TTGTTG
r5212,AACAGG
r5213,TCTCAG
r5214,AGTGGA
r5215,CTCTTG
r5216,GGAACC
r5217,TGCTTT
r5218,ACTGCA
r5219,AGAACA
r5220,GCGATA
r5221,GTCTTA
r5222,GAGAGT
r5223,CGTTGA
r5224,AATCGT
r5225,CAAGTT
r5226,TACGTT
r5227,GTGGGT
r5228,AGACCG
r5229,CACACC
r5230,GGTGGT
r5231,GCAGTC
r5232,CGCACA
r5233,GTCTCG
r5234,AATCCC
r5235,GACGAC
r5236,GAATGC
r5237,CCCAGA
r5238,ACTGGC
r5239,GACTGG
r5240,GGCCAA
r5241,TGTTAC
r5242,AGGAGA
r5243,TGATCT
r5244,TCAAAG
r5245,ATGCGA
r5246,GGACAG
r5247,GGATCG
r5248,CCTCCA
r5249,CTATTC
r5250,CCGTTG
r5251,TTCCGC
r5252,GCCATC
r5253,CATCGG
r5254,GAAATC
r5255,GTTTGG
r5256,GATCCT
r5257,TGAATG
r5258,CAATCT
r5259,GCTTCG
r5260,CTCCTA
r5261,CGGTAG
r5262,TCCATT
r5263,GTCGAA
r5264,CCGGTT
r5265,GGCCTT
r5266,AGGACG
r5267,GCTCTT
r5268,TTTCAC
r5269,GTTCGT
r5270,GCCTTG
r5271,GCACAT
r5272,CAAGGG
r5273,CTTCTC
r5274,AACTAC
r5275,GCACCA
r5276,ATAGTC
r5277,TGCGAG
r5278,ACAAGA
r5279,ACGCTT
r5280,GGCTCA
r5281,CTCCGT
r5282,TGGCTG
r5283,CCAATA
r5284,CGAGTG
r5285,AATAGC
r5286,GTGGAG
r5287,GCTAAC
r5288,AGGTTT
r5289,ATCTAG
r5290,ATCTTC
r5291,GAGCCA
r5292,ATAACC
r5293,TCTTCC
r5294,CACGTA
r5295,GTAAGC
r5296,GCAGAA
r5297,TAACAC
r5298,TCGATG
r5299,GATGAA
r5300,CAGAGG
r5301,CCTTGG
r5302,GACTCT
r5303,TTGAGT
r5304,ATTCAG
r5305,GTAGAC
r5306,GTCCGA
r5307,GTCCCT
r5308,CTAGCT
r5309,ACTTAC
r5310,TCCGCA
r5311,TTACTG
r5312,GACCTA
r5313,AGCCTA
r5314,CGTAAG
r5315,GGGTGT
r5316,TGTTCA
r5317,CGAGAT
r5318,TGGGTC
r5319,TGAGGC
r5320,TGTGTA
r5321,TACCTC
r5322,CATTCG
r5323,TGGATA
r5324,TGTCGG
r5325,GGGATC
r5326,TTGCTC
r5327,CATGGA
r5328,ATGTCA
r5329,ACCGAA
r5330,ACGGGA
r5331,ATCGAT
r5332,GGAAGG
r5333,GAGCAG
r5334,TGACCC
r5335,AGCATC
r5336,TGTGCG
r5337,GAACAA
r5338,TAACCA
r5339,AGGCAG
r5340,TGAGCA
r5341,TCAACC
r5342,CCACTT
r5343,TTGCAG
r5344,GGTAGC
r5345,TGTAGA
r5346,GCACTG
r5347,CCCTCT
r5348,GCGAAG
r5349,CGTACC
r5350,GGTAAA
r5351,GTAGGG
r5352,CTGATA
r5353,CCTCAT
r5354,ACCTAT
r5355,TGGTCC
r5356,GCAACG
r5357,TGGTAA
r5358,AAGGCC
r5359,CACCGA
r5360,GATCTG
r5361,GCTTGC
r5362,GAACTT
r5363,AAACTC
r5364,CAGACT
r5365,GAGTTT
r5366,ATGGTT
r5367,GCAATT
r5368,ACTTCT
r5369,GTATCT
r5370,TGTGAT
r5371,GGTCAT
r5372,TGGCAT
r5373,TGCAAT
r5374,AGTGTG
r5375,TATGTG
r5376,CATATG
r5377,ATGAGG
r5378,AATACG
r5379,TTTGAG
r5380,TAAGAG
r5381,GATTTC
r5382,ACTACC
r5383,CAATAC
r5384,CTGAAC
