r5_revcom,Spacer,i5_revcom,i7
ATTAGA,GCGCGTGGATCTCCC,CTCCTTAC,AAGAGGCA
ACGAGT,,TATGCAGT,GTAGAGGA
TGACGT,,TACTCCTT,TGGATCTG
GTCGTT,,AGGCTTAG,CCGTTTGT
CGCTAA,,ATTAGACG,TGCTGGGT
GTCTGT,,CGGAGAGA,AGGTTGGG
CCTACG,,CTAGTCGA,GTGTGGTG
GAGCTC,,AGCTAGAA,TACTTGAA
GGTATT,,ACTCTAGG,
GTGTGA,,GCGTAAGA,
TACCAG,,CTTAATAG,
CCTATC,,ATAGCCTT,
TCGACA,,,
ACCCGT,,,
ATGCTG,,,
TGTCAA,,,
CTTGAA,,,
CAGGAC,,,
TCAGTG,,,
CCTGTA,,,
AAAGGT,,,
GAACGG,,,
CAAACA,,,
AGCCAC,,,
TTGTAC,,,
ACTTTG,,,
TCATGC,,,
CTAATG,,,
AAGGAG,,,
TCGGGT,,,
GTGGCA,,,
TTGGTA,,,
ACCTCG,,,
TGGTGG,,,
TGATTA,,,
TGGACT,,,
GCTGAG,,,
AGTCCA,,,
GGTTTG,,,
CGGAGT,,,
CACGGT,,,
CGTTCT,,,
GTCAAT,,,
GGATAC,,,
TTTCCG,,,
ACACAA,,,
ATGTGC,,,
AATGAC,,,
TATAGG,,,
CAGCGT,,,
ACAATC,,,
CTACAT,,,
ACAGCG,,,
AAGTCT,,,
TGCCCA,,,
TCTAGT,,,
TCCCAT,,,
CGTCGC,,,
CTACCC,,,
TTCACC,,,
AAGATG,,,
GATTAT,,,
ACCATA,,,
TAAGTC,,,
GAATCA,,,
TCGCTA,,,
GGAGTT,,,
CACTTC,,,
GTACTC,,,
ATTGCG,,,
CTCCAG,,,
AACCCA,,,
CTAGGA,,,
GCATGA,,,
AGGGAA,,,
CTTTAC,,,
AGTTGT,,,
ATGCCT,,,
GACACA,,,
TATGCT,,,
GCGTCT,,,
AGCAAG,,,
GGCAGA,,,
CGACTA,,,
CAGCAA,,,
GTTGTC,,,
GGGAAT,,,
GCTTAA,,,
GAGGCG,,,
GATAAG,,,
TTAGCG,,,
GGACCT,,,
CACCTT,,,
TACAAC,,,
TTCTCT,,,
CCAAAT,,,
ATCACG,,,
CGATGT,,,
CAGATC,,,
ACTTGA,,,
TAGCTT,,,
AAGACA,,,
CTTCCT,,,
CTCATC,,,
ATTCGC,,,
TACTGC,,,
TCGTGA,,,
TACGCG,,,
ACGAAC,,,
CACCAC,,,
GAATTG,,,
CGCAAC,,,
AACTGA,,,
ATCGGG,,,
GCTACA,,,
CCAGAG,,,
AGTGCC,,,
GCATCC,,,
CTCTCC,,,
ACGTTA,,,
CTGTGT,,,
GTGCGG,,,
TATCGC,,,
ACGTCC,,,
TCAGAC,,,
TCCTTC,,,
GATAGA,,,
ACAGAT,,,
CTCTAT,,,
TTTAGC,,,
CCTGGT,,,
TTCCTT,,,
GACGTG,,,
GTTATG,,,
ATATGG,,,
GTCGCC,,,
TGGCGA,,,
CGTGTT,,,
CCAAGC,,,
GAGACC,,,
TGCGGT,,,
ATCAGC,,,
AGCACT,,,
TCCCTG,,,
CGCATG,,,
TAGGCA,,,
GTATAG,,,
ACTCGG,,,
GCAGGT,,,
GTCCTG,,,
GAAGCC,,,
AAGCAC,,,
CTTCGA,,,
CAGTCA,,,
TGTATC,,,
TAAGGA,,,
AAATCG,,,
CCGTAA,,,
TTCCAA,,,
CTCGAC,,,
CATGCC,,,
AGAAAC,,,
ATTGGT,,,
GCCGTA,,,
CAACAG,,,
ACTCTC,,,
CGGGTA,,,
TACGAA,,,
AAGCTA,,,
CAGTGC,,,
CATAGT,,,
AAGTTC,,,
CTCAAA,,,
GGTCTA,,,
CTTAGG,,,
TCTGGA,,,
TCACCT,,,
GATGGG,,,
GTGCAA,,,
CTCACT,,,
GAGAAA,,,
TAGAGC,,,
ACATAG,,,
AACGCT,,,
AGTCTT,,,
TAGCCG,,,
CGTATA,,,
CGGTTC,,,
GCGTAC,,,
GTTCCA,,,
TCTGTT,,,
GTGCTT,,,
TAGAAG,,,
GGCGAT,,,
AGAGCT,,,
ACCGTC,,,
CTGTCG,,,
ACATGT,,,
TCGTAT,,,
TAGGAT,,,
GTTTCC,,,
GTTGCT,,,
CACTAG,,,
AAGCGG,,,
ATAGAG,,,
AGATCC,,,
CAGGTG,,,
TTCATG,,,
TCCACG,,,
CTGGAT,,,
TTGTTG,,,
AACAGG,,,
TCTCAG,,,
AGTGGA,,,
CTCTTG,,,
GGAACC,,,
TGCTTT,,,
ACTGCA,,,
AGAACA,,,
GCGATA,,,
GTCTTA,,,
GAGAGT,,,
CGTTGA,,,
AATCGT,,,
CAAGTT,,,
TACGTT,,,
GTGGGT,,,
AGACCG,,,
CACACC,,,
GGTGGT,,,
GCAGTC,,,
CGCACA,,,
GTCTCG,,,
AATCCC,,,
GACGAC,,,
GAATGC,,,
CCCAGA,,,
ACTGGC,,,
GACTGG,,,
GGCCAA,,,
TGTTAC,,,
AGGAGA,,,
TGATCT,,,
TCAAAG,,,
ATGCGA,,,
GGACAG,,,
GGATCG,,,
CCTCCA,,,
CTATTC,,,
CCGTTG,,,
TTCCGC,,,
GCCATC,,,
CATCGG,,,
GAAATC,,,
GTTTGG,,,
GATCCT,,,
TGAATG,,,
CAATCT,,,
GCTTCG,,,
CTCCTA,,,
CGGTAG,,,
TCCATT,,,
GTCGAA,,,
CCGGTT,,,
GGCCTT,,,
AGGACG,,,
GCTCTT,,,
TTTCAC,,,
GTTCGT,,,
GCCTTG,,,
GCACAT,,,
CAAGGG,,,
CTTCTC,,,
AACTAC,,,
GCACCA,,,
ATAGTC,,,
TGCGAG,,,
ACAAGA,,,
ACGCTT,,,
GGCTCA,,,
CTCCGT,,,
TGGCTG,,,
CCAATA,,,
CGAGTG,,,
AATAGC,,,
GTGGAG,,,
GCTAAC,,,
AGGTTT,,,
ATCTAG,,,
ATCTTC,,,
GAGCCA,,,
ATAACC,,,
TCTTCC,,,
CACGTA,,,
GTAAGC,,,
GCAGAA,,,
TAACAC,,,
TCGATG,,,
GATGAA,,,
CAGAGG,,,
CCTTGG,,,
GACTCT,,,
TTGAGT,,,
ATTCAG,,,
GTAGAC,,,
GTCCGA,,,
GTCCCT,,,
CTAGCT,,,
ACTTAC,,,
TCCGCA,,,
TTACTG,,,
GACCTA,,,
AGCCTA,,,
CGTAAG,,,
GGGTGT,,,
TGTTCA,,,
CGAGAT,,,
TGGGTC,,,
TGAGGC,,,
TGTGTA,,,
TACCTC,,,
CATTCG,,,
TGGATA,,,
TGTCGG,,,
GGGATC,,,
TTGCTC,,,
CATGGA,,,
ATGTCA,,,
ACCGAA,,,
ACGGGA,,,
ATCGAT,,,
GGAAGG,,,
GAGCAG,,,
TGACCC,,,
AGCATC,,,
TGTGCG,,,
GAACAA,,,
TAACCA,,,
AGGCAG,,,
TGAGCA,,,
TCAACC,,,
CCACTT,,,
TTGCAG,,,
GGTAGC,,,
TGTAGA,,,
GCACTG,,,
CCCTCT,,,
GCGAAG,,,
CGTACC,,,
GGTAAA,,,
GTAGGG,,,
CTGATA,,,
CCTCAT,,,
ACCTAT,,,
TGGTCC,,,
GCAACG,,,
TGGTAA,,,
AAGGCC,,,
CACCGA,,,
GATCTG,,,
GCTTGC,,,
GAACTT,,,
AAACTC,,,
CAGACT,,,
GAGTTT,,,
ATGGTT,,,
GCAATT,,,
ACTTCT,,,
GTATCT,,,
TGTGAT,,,
GGTCAT,,,
TGGCAT,,,
TGCAAT,,,
AGTGTG,,,
TATGTG,,,
CATATG,,,
ATGAGG,,,
AATACG,,,
TTTGAG,,,
TAAGAG,,,
GATTTC,,,
ACTACC,,,
CAATAC,,,
CTGAAC,,,
